freq,unit,direct,na_item,geo\TIME_PERIOD	2000 	2001 	2002 	2003 	2004 	2005 	2006 	2007 	2008 	2009 	2010 	2011 	2012 	2013 	2014 	2015 	2016 	2017 	2018 	2019 	2020 	2021 	2022 
A,PPS_EU27_2020_HAB,BAL,B6N,AT11	13700 	13800 	14300 	15200 	16100 	17300 	18100 	18900 	19200 	18900 	19200 	19300 	19800 b	19500 	19700 	20100 	20500 	21000 	21500 	21700 	21700 	23100 	: 
A,PPS_EU27_2020_HAB,BAL,B6N,AT12	15100 	15000 	15400 	16200 	16800 	18000 	18900 	19800 	20200 	19900 	20200 	20500 	20500 b	20300 	20500 	20600 	21100 	21200 	21800 	22000 	21800 	23100 	: 
A,PPS_EU27_2020_HAB,BAL,B6N,AT13	16500 	16200 	16500 	17100 	17400 	18400 	19100 	19800 	20100 	19800 	19800 	20000 	19500 b	19100 	19100 	19000 	19200 	19200 	19500 	19800 	19400 	20500 	: 
A,PPS_EU27_2020_HAB,BAL,B6N,AT21	13800 	13800 	14200 	15100 	15600 	16900 	17600 	18400 	18700 	18500 	18700 	18900 	19000 b	18800 	19000 	19100 	19600 	19900 	20400 	20600 	20400 	21700 	: 
A,PPS_EU27_2020_HAB,BAL,B6N,AT22	14100 	14000 	14400 	15200 	15700 	16900 	17700 	18600 	19100 	18700 	18900 	19200 	19200 b	19100 	19300 	19400 	19800 	20200 	20700 	21000 	20800 	22000 	: 
A,PPS_EU27_2020_HAB,BAL,B6N,AT31	14500 	14400 	14800 	15600 	16200 	17500 	18400 	19100 	19600 	19300 	19400 	19700 	19800 b	19600 	19800 	19800 	20200 	20600 	21100 	21400 	21100 	22400 	: 
A,PPS_EU27_2020_HAB,BAL,B6N,AT32	14800 	14600 	15100 	15900 	16400 	17700 	18500 	19300 	19800 	19600 	19600 	19900 	19900 b	19800 	20000 	20100 	20600 	20900 	21400 	21600 	21200 	22200 	: 
A,PPS_EU27_2020_HAB,BAL,B6N,AT33	14200 	14100 	14700 	15500 	16000 	17200 	17900 	18600 	19000 	18700 	18700 	19100 	19200 b	19100 	19200 	19300 	19800 	20100 	20600 	21000 	20600 	21700 	: 
A,PPS_EU27_2020_HAB,BAL,B6N,AT34	15300 	15000 	15500 	16300 	16700 	18000 	19000 	19700 	20000 	19700 	19800 	20300 	20400 b	20400 	20600 	20800 	21200 	21400 	21800 	22200 	21900 	23000 	: 
A,PPS_EU27_2020_HAB,BAL,B6N,BE10	13300 	13800 	13800 	13800 	13900 	14100 	14600 	15300 	15700 	15400 	15400 	15300 	15400 	15500 	15500 	15600 	16100 	16200 	17200 	17500 	18000 	18600 	19400 p
A,PPS_EU27_2020_HAB,BAL,B6N,BE21	13700 	14400 	14700 	14600 	14900 	15400 	16000 	16500 	17300 	17100 	17200 	17300 	17600 	17700 	17900 	18100 	18200 	18600 	18900 	19600 	20100 	20800 	22000 p
A,PPS_EU27_2020_HAB,BAL,B6N,BE22	12600 	13200 	13400 	13400 	13600 	14300 	15000 	15500 	16200 	16100 	16200 	16600 	16900 	17000 	17200 	17300 	17500 	17900 	18300 	19000 	19500 	20400 	21500 p
A,PPS_EU27_2020_HAB,BAL,B6N,BE23	13900 	14500 	14800 	14700 	15000 	15600 	16300 	17000 	17800 	17500 	17600 	18000 	18300 	18400 	18700 	19000 	19000 	19600 	19700 	20500 	21000 	22500 	23800 p
A,PPS_EU27_2020_HAB,BAL,B6N,BE24	15600 	16300 	16700 	16700 	16800 	17400 	18100 	18900 	19500 	19100 	19100 	19500 	19800 	19800 	20100 	20300 	20400 	21000 	21400 	22000 	22400 	23400 	24800 p
A,PPS_EU27_2020_HAB,BAL,B6N,BE25	13300 	13900 	14100 	14000 	14400 	14900 	15600 	16400 	17200 	17000 	17100 	17500 	17900 	18100 	18400 	18600 	18500 	19300 	19300 	20200 	20600 	21400 	22900 p
A,PPS_EU27_2020_HAB,BAL,B6N,BE31	15100 	15700 	15900 	15800 	16000 	16400 	17100 	17600 	18100 	17800 	17900 	18400 	18800 	18700 	19000 	19000 	18900 	19500 	20900 	20800 	21300 	22200 	23100 p
A,PPS_EU27_2020_HAB,BAL,B6N,BE32	11400 	11800 	12100 	12000 	12200 	12600 	13100 	13600 	14300 	14100 	14200 	14600 	14900 	14900 	15100 	15000 	15100 	15400 	16000 	16500 	17000 	17600 	18300 p
A,PPS_EU27_2020_HAB,BAL,B6N,BE33	11800 	12300 	12600 	12500 	12800 	13200 	13500 	14000 	14600 	14600 	14500 	14900 	15200 	15300 	15500 	15600 	15700 	16000 	16400 	17100 	17700 	18200 	19100 p
A,PPS_EU27_2020_HAB,BAL,B6N,BE34	11700 	12400 	12600 	12900 	12900 	13800 	14100 	14400 	14900 	14600 	14800 	15100 	15400 	15600 	15900 	16200 	16300 	17000 	17400 	18000 	18700 	19400 	20600 p
A,PPS_EU27_2020_HAB,BAL,B6N,BE35	11900 	12400 	12700 	12500 	12800 	13300 	13900 	14400 	14900 	14600 	14800 	15200 	15600 	15700 	15900 	15900 	16000 	16400 	17200 	17500 	18100 	18800 	19400 p
A,PPS_EU27_2020_HAB,BAL,B6N,BG31	2400 	2600 	2900 	3100 	3300 	3500 	3700 	4400 	4700 	4600 	4500 	4800 	4800 	5300 	5600 	5700 	5800 	5800 	6700 	7000 	7000 	8000 	: 
A,PPS_EU27_2020_HAB,BAL,B6N,BG32	2600 	2900 	3500 	3400 	3600 	4200 	4300 	4600 	5000 	4800 	4800 	5500 	5500 	5600 	5800 	6200 	6600 	7000 	7500 	7700 	7600 	8800 	: 
A,PPS_EU27_2020_HAB,BAL,B6N,BG33	2700 	2700 	3100 	3400 	3700 	4100 	4400 	4500 	5000 	5000 	5000 	5600 	5900 	6200 	6500 	6700 	6500 	6500 	7500 	7400 	7200 	8200 	: 
A,PPS_EU27_2020_HAB,BAL,B6N,BG34	2800 	2800 	3400 	3700 	3900 	4200 	4500 	4800 	5400 	5300 	5300 	6300 	5900 	6000 	6000 	6300 	6600 	7100 	7800 	7500 	7300 	7700 	: 
A,PPS_EU27_2020_HAB,BAL,B6N,BG41	3500 	3800 	4200 	4400 	4700 	5200 	5600 	6300 	7400 	7500 	8000 	8500 	9100 	9500 	10200 	10500 	11300 	12100 	13200 	13700 	13500 	13600 	: 
A,PPS_EU27_2020_HAB,BAL,B6N,BG42	2900 	2700 	3000 	3300 	3500 	4100 	4200 	4500 	5200 	5100 	5100 	5800 	5700 	5800 	6200 	6200 	6700 	6800 	7600 	7700 	7500 	7800 	: 
A,PPS_EU27_2020_HAB,BAL,B6N,CY00	10000 	10400 	10400 	11200 	12500 	13700 	14400 	15300 	16900 	16100 	15800 	15600 	14700 	14100 	13400 	13900 	15100 	15900 	16500 	17600 	17400 	18700 	19500 p
A,PPS_EU27_2020_HAB,BAL,B6N,CZ01	9000 	9900 	10200 	11100 	11500 	12100 	12800 	13400 	14000 	14100 	14600 	14700 	14500 	14800 	15400 	15500 	15700 	17900 	18200 	18300 	17600 	19700 	20500 
A,PPS_EU27_2020_HAB,BAL,B6N,CZ02	7100 	7700 	8100 	8700 	9000 	9400 	9900 	10600 	11000 	11600 	11700 	11800 	12400 	12100 	12500 	12600 	13200 	13600 	14300 	15000 	13800 	15300 	16400 
A,PPS_EU27_2020_HAB,BAL,B6N,CZ03	6700 	7300 	7300 	7800 	8200 	8600 	9100 	9700 	10300 	10400 	10300 	10500 	10600 	10800 	11300 	11700 	11700 	12400 	12800 	13400 	13200 	14400 	15300 
A,PPS_EU27_2020_HAB,BAL,B6N,CZ04	6400 	6900 	6700 	7200 	7400 	7800 	8200 	8600 	9200 	9600 	9600 	9700 	9500 	9700 	10000 	10300 	10700 	11200 	11800 	12400 	12400 	13100 	14200 
A,PPS_EU27_2020_HAB,BAL,B6N,CZ05	6500 	7100 	7200 	7500 	7800 	8400 	8800 	9300 	9800 	10100 	10100 	10100 	10300 	10500 	11100 	11300 	11500 	12100 	12600 	13300 	13100 	13900 	14900 
A,PPS_EU27_2020_HAB,BAL,B6N,CZ06	6300 	6900 	7000 	7400 	7900 	8400 	8700 	9500 	10000 	10200 	10400 	10400 	10500 	10900 	11400 	11800 	11900 	12500 	13000 	13800 	13500 	14600 	15600 
A,PPS_EU27_2020_HAB,BAL,B6N,CZ07	6200 	6800 	6900 	7400 	7600 	8100 	8700 	9300 	9700 	9800 	9700 	9900 	10000 	10100 	10700 	11000 	11100 	11600 	12100 	12700 	12600 	13600 	14500 
A,PPS_EU27_2020_HAB,BAL,B6N,CZ08	6200 	6700 	6700 	6900 	7300 	8000 	8200 	8800 	9600 	9700 	9700 	9900 	9900 	10000 	10500 	10700 	10900 	11500 	12000 	12500 	12400 	13400 	14500 
A,PPS_EU27_2020_HAB,BAL,B6N,DE11	15900 	16800 	16700 	17300 	17900 	18500 	19200 	19700 	20200 	19500 	20300 	21300 	21300 b	21200 	21700 	21700 	22300 	23100 e	23700 e	23700 e	23700 e	24100 e	: 
A,PPS_EU27_2020_HAB,BAL,B6N,DE12	15300 	16100 	16100 	16600 	17100 	17600 	18200 	18700 	19200 	18500 	19200 	20100 	20100 b	20000 	20400 	20500 	20900 	21500 e	22600 e	22500 e	22600 e	22900 e	: 
A,PPS_EU27_2020_HAB,BAL,B6N,DE13	14600 	15400 	15400 	16000 	16600 	17100 	17600 	18000 	18600 	18100 	19000 	20000 	20100 b	20100 	20700 	21000 	21600 	22100 e	23200 e	23000 e	23000 e	23300 e	: 
A,PPS_EU27_2020_HAB,BAL,B6N,DE14	14900 	15800 	15700 	16200 	16800 	17300 	18000 	18500 	19100 	18500 	19200 	20300 	20300 b	20300 	21100 	21000 	21400 	22300 e	23200 e	23200 e	23100 e	23400 e	: 
A,PPS_EU27_2020_HAB,BAL,B6N,DE21	17900 	18700 	18400 	18900 	19700 	20300 	20900 	21500 	21800 	20900 	21800 	22800 	22900 b	22700 	23700 	23400 	24800 	25100 e	26400 e	26500 e	26600 e	27100 e	: 
A,PPS_EU27_2020_HAB,BAL,B6N,DE22	13200 	13900 	13900 	14500 	15300 	15600 	16200 	16800 	17300 	16900 	17700 	18600 	18900 b	19000 	19300 	19600 	20300 	21000 e	22100 e	22100 e	22100 e	22300 e	: 
A,PPS_EU27_2020_HAB,BAL,B6N,DE23	13600 	14400 	14300 	14700 	15300 	15600 	16000 	16500 	17100 	16700 	17500 	18500 	18600 b	18700 	19100 	19500 	20100 	20600 e	21700 e	21700 e	21900 e	22100 e	: 
A,PPS_EU27_2020_HAB,BAL,B6N,DE24	14200 	14900 	14800 	15300 	15900 	16200 	16700 	17200 	17800 	17500 	18300 	19300 	19000 b	19100 	19300 	19600 	20100 	20600 e	21500 e	21500 e	21800 e	22100 e	: 
A,PPS_EU27_2020_HAB,BAL,B6N,DE25	15600 	16400 	16300 	16700 	17300 	17700 	18200 	18700 	19200 	18700 	19500 	20500 	20200 b	20000 	20300 	20600 	21000 	21600 e	22600 e	22400 e	22700 e	23000 e	: 
A,PPS_EU27_2020_HAB,BAL,B6N,DE26	14100 	15000 	14900 	15400 	16000 	16300 	16800 	17200 	17900 	17500 	18300 	19400 	19200 b	19200 	19700 	20000 	20400 	21200 e	22000 e	22000 e	22200 e	22500 e	: 
A,PPS_EU27_2020_HAB,BAL,B6N,DE27	14700 	15500 	15400 	16000 	16700 	17000 	17500 	18100 	18600 	18200 	19000 	20100 	20100 b	20000 	20400 	20600 	21100 	21800 e	22800 e	22600 e	22600 e	22900 e	: 
A,PPS_EU27_2020_HAB,BAL,B6N,DE30	13600 	14000 	13900 	14000 	14700 	14900 	15400 	15700 	16100 	16200 	16500 	17100 	16700 b	16700 	16900 	17200 	17600 	18500 e	19200 e	19500 e	19900 e	20300 e	: 
A,PPS_EU27_2020_HAB,BAL,B6N,DE40	11900 	12500 	12700 	13100 	13600 	13900 	14400 	14800 	15300 	15500 	15800 	16500 	16200 b	16400 	16800 	16900 	17500 	18500 e	19300 e	19700 e	20300 e	20600 e	: 
A,PPS_EU27_2020_HAB,BAL,B6N,DE50	14400 	15200 	14900 	15300 	15200 	16300 	16600 	17200 	18100 	17300 	17300 	17900 	17900 b	17800 	18000 	18000 	18200 	19000 e	19900 e	19900 e	20100 e	20400 e	: 
A,PPS_EU27_2020_HAB,BAL,B6N,DE60	16200 	17200 	17000 	18500 	18500 	19700 	20100 	20200 	20200 	19400 	20200 	21000 	20700 b	20900 	20700 	21100 	22000 	22100 e	23100 e	23000 e	23300 e	23700 e	: 
A,PPS_EU27_2020_HAB,BAL,B6N,DE71	15900 	16800 	16700 	17000 	17600 	17900 	18600 	19000 	19300 	19100 	19600 	20500 	20400 b	20200 	20700 	21000 	21400 	22000 e	22900 e	22900 e	23100 e	23500 e	: 
A,PPS_EU27_2020_HAB,BAL,B6N,DE72	13300 	14100 	14100 	14500 	15100 	15400 	16100 	16400 	16800 	16800 	17400 	18200 	18100 b	18100 	18600 	18800 	19100 	19700 e	20300 e	20500 e	20700 e	20900 e	: 
A,PPS_EU27_2020_HAB,BAL,B6N,DE73	13000 	13800 	13800 	14400 	14900 	15100 	15600 	16000 	16400 	16500 	17300 	18000 	17900 b	17800 	18300 	18500 	18900 	19500 e	20400 e	20500 e	20700 e	21000 e	: 
A,PPS_EU27_2020_HAB,BAL,B6N,DE80	11100 	11700 	12000 	12300 	12800 	13100 	13500 	13800 	14400 	14500 	14800 	15300 	15200 b	15400 	15700 	16000 	16500 	17400 e	18300 e	18800 e	19400 e	19500 e	: 
A,PPS_EU27_2020_HAB,BAL,B6N,DE91	13600 	14200 	14300 	14700 	15200 	15400 	15700 	16200 	16500 	16500 	17100 	18100 	18100 b	18200 	18600 	18800 	19100 	19600 e	20600 e	20800 e	21200 e	21400 e	: 
A,PPS_EU27_2020_HAB,BAL,B6N,DE92	14100 	14700 	14600 	15000 	15200 	15700 	16100 	16500 	16900 	16900 	17300 	18100 	18100 b	18000 	18400 	18500 	18900 	19400 e	20300 e	20500 e	20800 e	21000 e	: 
A,PPS_EU27_2020_HAB,BAL,B6N,DE93	13800 	14500 	14300 	14800 	15100 	15600 	16100 	16500 	17000 	17000 	17500 	18400 	18300 b	18500 	18900 	18900 	19400 	20200 e	21100 e	21300 e	21500 e	21600 e	: 
A,PPS_EU27_2020_HAB,BAL,B6N,DE94	12700 	13300 	13300 	13800 	14100 	14600 	15100 	15500 	15900 	15900 	16400 	17300 	17300 b	17300 	17800 	18000 	18400 	19100 e	20100 e	20300 e	20300 e	20400 e	: 
A,PPS_EU27_2020_HAB,BAL,B6N,DEA1	15000 	15500 	15500 	16000 	16500 	16800 	17000 	17200 	17800 	17300 	17900 	18700 	18400 b	18400 	18600 	18700 	19100 	19700 e	20600 e	20700 e	21200 e	21500 e	: 
A,PPS_EU27_2020_HAB,BAL,B6N,DEA2	14700 	15400 	15300 	15800 	16400 	16600 	16800 	17100 	17700 	17200 	17900 	18700 	18300 b	18300 	18600 	18900 	19300 	19900 e	21000 e	21100 e	21400 e	21800 e	: 
A,PPS_EU27_2020_HAB,BAL,B6N,DEA3	13400 	14000 	13900 	14400 	15000 	15200 	15600 	15900 	16500 	16100 	16800 	17500 	17500 b	17400 	17800 	18000 	18400 	19100 e	20100 e	20400 e	20700 e	20900 e	: 
A,PPS_EU27_2020_HAB,BAL,B6N,DEA4	14600 	15200 	15100 	15600 	16100 	16300 	16700 	17000 	17700 	17200 	17900 	18700 	18600 b	18600 	19100 	19200 	19700 	20100 e	21300 e	21400 e	21600 e	21800 e	: 
A,PPS_EU27_2020_HAB,BAL,B6N,DEA5	14000 	14600 	14600 	15200 	15800 	16100 	16500 	16800 	17400 	16900 	17500 	18300 	18000 b	17900 	18300 	18400 	18700 	19400 e	20300 e	20300 e	20600 e	20900 e	: 
A,PPS_EU27_2020_HAB,BAL,B6N,DEB1	14000 	14700 	14600 	15100 	15900 	16300 	16900 	17400 	17600 	17900 	17900 	18800 	18700 b	18700 	18900 	19300 	19900 	20200 e	21300 e	21100 e	21500 e	21600 e	: 
A,PPS_EU27_2020_HAB,BAL,B6N,DEB2	12900 	13700 	13700 	14300 	15200 	15700 	16300 	16800 	17100 	17500 	17700 	18400 	18200 b	18000 	18400 	18400 	19000 	19500 e	20500 e	20800 e	21200 e	21600 e	: 
A,PPS_EU27_2020_HAB,BAL,B6N,DEB3	14400 	15200 	15100 	15500 	16300 	16600 	17200 	17700 	17900 	18200 	18400 	19100 	19000 b	18800 	19100 	19600 	19800 	20300 e	21300 e	21400 e	22000 e	22200 e	: 
A,PPS_EU27_2020_HAB,BAL,B6N,DEC0	13200 	14000 	13900 	14300 	15100 	15500 	15600 	15900 	16400 	16200 	16900 	17600 	17400 b	17300 	17300 	17600 	18000 	18600 e	19400 e	19600 e	19700 e	20100 e	: 
A,PPS_EU27_2020_HAB,BAL,B6N,DED2	11900 	12400 	12800 	13300 	13800 	13900 	14400 	14800 	15200 	15300 	15800 	16300 	16100 b	16200 	16500 	16800 	17300 	18000 e	18900 e	19200 e	19800 e	19900 e	: 
A,PPS_EU27_2020_HAB,BAL,B6N,DED4	11800 	12500 	12800 	13200 	13600 	13700 	14200 	14600 	15100 	15200 	15600 	16200 	16200 b	16300 	16600 	16900 	17400 	18100 e	19000 e	19200 e	19800 e	20000 e	: 
A,PPS_EU27_2020_HAB,BAL,B6N,DED5	11800 	12400 	12700 	13100 	13700 	13800 	14300 	14800 	15200 	15200 	15700 	16300 	16100 b	16200 	16400 	16700 	17200 	17900 e	18700 e	19000 e	19400 e	19400 e	: 
A,PPS_EU27_2020_HAB,BAL,B6N,DEE0	11300 	11700 	12000 	12300 	12700 	13000 	13400 	13800 	14300 	14600 	15000 	15600 	15500 b	15600 	16000 	16200 	16700 	17500 e	18200 e	18500 e	19200 e	19400 e	: 
A,PPS_EU27_2020_HAB,BAL,B6N,DEF0	14200 	14800 	14800 	15400 	15800 	16300 	16600 	17100 	17400 	17400 	17800 	18600 	18700 b	18700 	19000 	19300 	19700 	20600 e	21600 e	21800 e	22100 e	22400 e	: 
A,PPS_EU27_2020_HAB,BAL,B6N,DEG0	11600 	12100 	12300 	12700 	13200 	13400 	13900 	14300 	14800 	14800 	15200 	15800 	15600 b	15800 	16100 	16300 	16800 	17600 e	18500 e	18800 e	19300 e	19500 e	: 
A,PPS_EU27_2020_HAB,BAL,B6N,DK01	9900 	10100 	10800 	11000 	11600 	11700 	12400 	12600 	12900 	13200 	14200 	14500 	14600 	14800 	14900 	15500 	15800 	16600 	17200 	17400 	17400 	17800 	18900 
A,PPS_EU27_2020_HAB,BAL,B6N,DK02	9500 	9700 	10200 	10400 	11000 	11100 	11700 	11900 	12100 	12400 	13200 	13500 	13600 	14000 	14000 	14600 	14900 	15500 	16100 	16300 	16500 	16900 	17500 
A,PPS_EU27_2020_HAB,BAL,B6N,DK03	9100 	9300 	9800 	10100 	10700 	10800 	11500 	11800 	12000 	12200 	12900 	13200 	13400 	13700 	13600 	14200 	14400 	15100 	15600 	15800 	16000 	16400 	17000 
A,PPS_EU27_2020_HAB,BAL,B6N,DK04	9300 	9500 	10000 	10300 	10900 	11100 	11700 	12000 	12100 	12400 	13100 	13300 	13500 	13800 	13700 	14300 	14600 	15300 	15800 	16000 	16200 	16600 	17300 
A,PPS_EU27_2020_HAB,BAL,B6N,DK05	9100 	9300 	9700 	10000 	10700 	10800 	11500 	11900 	11900 	12200 	12900 	13300 	13400 	13800 	13600 	14200 	14400 	15100 	15700 	15800 	16000 	16400 	17000 
A,PPS_EU27_2020_HAB,BAL,B6N,EE00	3900 	4100 	4400 	4900 	5300 	6000 	6900 	7600 	8600 	7900 	7900 	8500 	8600 	9300 	9800 	10400 	10800 	11400 	12200 	12700 	12500 	13000 	13200 
A,PPS_EU27_2020_HAB,BAL,B6N,EL30	11300 	12100 	13100 	14300 	15900 	15700 	16800 	17300 	17900 	17800 	14900 b	13700 	11900 	11900 	12500 	12600 	12800 	12800 	13000 	13700 	13000 	14300 p	: 
A,PPS_EU27_2020_HAB,BAL,B6N,EL41	9900 	9800 	10600 	11200 	11000 	11200 	12400 	13100 	13900 	14000 	13400 b	11500 	11100 	10400 	10600 	10900 	10600 	10600 	10300 	10700 	9800 	10500 p	: 
A,PPS_EU27_2020_HAB,BAL,B6N,EL42	10800 	11000 	11800 	12200 	11900 	11500 	12400 	12900 	13500 	13400 	13700 b	12300 	11000 	11000 	13500 	14400 	12300 	13000 	13700 	15100 	11300 	13600 p	: 
A,PPS_EU27_2020_HAB,BAL,B6N,EL43	9800 	10200 	10900 	11800 	11000 	11300 	12900 	13200 	13400 	13100 	11100 b	9600 	8800 	8800 	10100 	10300 	10100 	10400 	10600 	11500 	10300 	11400 p	: 
A,PPS_EU27_2020_HAB,BAL,B6N,EL51	8500 	9100 	9800 	10200 	10400 	11400 	12700 	12200 	12700 	12700 	11400 b	10000 	9400 	9000 	9400 	9700 	9600 	9800 	9900 	10600 	9800 	10600 p	: 
A,PPS_EU27_2020_HAB,BAL,B6N,EL52	7900 	8900 	9500 	10400 	11800 	12300 	12300 	13000 	13800 	13600 	12300 b	10900 	10300 	10000 	10300 	10500 	10600 	10600 	10800 	11500 	10800 	11800 p	: 
A,PPS_EU27_2020_HAB,BAL,B6N,EL53	13600 	14400 	15600 	15900 	14400 	12500 	12300 	13100 	14000 	14100 	13000 b	11800 	10900 	10800 	11200 	11400 	11000 	11100 	11400 	12200 	11700 	12500 p	: 
A,PPS_EU27_2020_HAB,BAL,B6N,EL54	9400 	10100 	10900 	11100 	11000 	10900 	11800 	12500 	13400 	13700 	12800 b	11200 	10600 	10100 	10100 	10300 	10400 	10500 	10800 	11500 	10800 	11700 p	: 
A,PPS_EU27_2020_HAB,BAL,B6N,EL61	8700 	9300 	10100 	10900 	10500 	11100 	12900 	13200 	15000 	14200 	12500 b	11000 	10200 	9800 	10100 	10200 	9900 	10100 	10300 	10900 	10300 	11100 p	: 
A,PPS_EU27_2020_HAB,BAL,B6N,EL62	10500 	10700 	11500 	11800 	: 	: 	12800 	13200 	13400 	13400 	12800 b	11200 	11100 	10700 	12200 	12500 	12700 	13100 	14000 	15300 	12600 	14700 p	: 
A,PPS_EU27_2020_HAB,BAL,B6N,EL63	8900 	9800 	10600 	11200 	10600 	10600 	12200 	12500 	13700 	13300 	11700 b	10200 	9200 	8900 	9200 	9400 	9400 	9600 	9700 	10300 	9900 	10500 p	: 
A,PPS_EU27_2020_HAB,BAL,B6N,EL64	11100 	12000 	13000 	13700 	12600 	12800 	12900 	13300 	13800 	13900 	11500 b	10900 	10000 	9500 	9900 	9800 	9700 	9800 	9900 	10500 	9900 	10600 p	: 
A,PPS_EU27_2020_HAB,BAL,B6N,EL65	7700 	8100 	8800 	9700 	10300 	10300 	12500 	13000 	13500 	13700 	12300 b	10600 	10000 	9600 	9900 	10100 	10100 	10300 	10400 	11200 	10500 	11300 p	: 
A,PPS_EU27_2020_HAB,BAL,B6N,ES11	9400 	10000 	10700 	11200 	11400 	12100 	12700 	13000 	13500 	12900 	12700 	12800 	12300 	12600 	12900 	13500 	13900 	14400 	14600 	15300 	14800 	15500 p	: 
A,PPS_EU27_2020_HAB,BAL,B6N,ES12	10300 	11100 	11800 	12400 	12600 	13500 	14400 	14900 	15200 	14300 	14100 	14300 	13800 	14100 	14200 	15000 	15100 	15800 	16000 	16700 	16300 	17200 p	: 
A,PPS_EU27_2020_HAB,BAL,B6N,ES13	10800 	11700 	12400 	12900 	13000 	13800 	14300 	14400 	15000 	14200 	13700 	13700 	13000 	13400 	13600 	14400 	14800 	15500 	15800 	16200 	15500 	16300 p	: 
A,PPS_EU27_2020_HAB,BAL,B6N,ES21	13500 	14500 	15300 	15900 	16200 	17100 	18000 	18400 	19300 	18300 	18200 	18100 	17400 	17900 	18000 	18700 	19100 	20000 	20100 	21000 	19700 	20800 p	: 
A,PPS_EU27_2020_HAB,BAL,B6N,ES22	13800 	14700 	15400 	15800 	16100 	16800 	17300 	17800 	18100 	17200 	17200 	17300 	16300 	16700 	16900 	17700 	17900 	18500 	18200 	18800 	17400 	18500 p	: 
A,PPS_EU27_2020_HAB,BAL,B6N,ES23	12400 	13200 	13700 	14100 	14000 	14300 	14800 	14600 	15100 	14400 	14200 	14300 	13700 	14100 	14300 	15100 	15400 	16000 	16200 	16600 	15900 	16500 p	: 
A,PPS_EU27_2020_HAB,BAL,B6N,ES24	11800 	12600 	13400 	13900 	13900 	14500 	15100 	15300 	15700 	15100 	14900 	15100 	14400 	14700 	14800 	15400 	15800 	16400 	16600 	17300 	16700 	17400 p	: 
A,PPS_EU27_2020_HAB,BAL,B6N,ES30	13300 	14300 	14900 	15400 	15600 	16400 	17200 	17100 	17600 	17400 	17300 	17500 	16600 	17100 	17500 	18500 	19000 	19600 	19400 	20400 	19200 	20200 p	: 
A,PPS_EU27_2020_HAB,BAL,B6N,ES41	10600 	11500 	12000 	12400 	12500 	13100 	13900 	14000 	14400 	13700 	13600 	13700 	13300 	13500 	13600 	14400 	14700 	15200 	15600 	16300 	15800 	16600 p	: 
A,PPS_EU27_2020_HAB,BAL,B6N,ES42	9200 	9900 	10600 	11000 	11000 	11400 	11600 	11800 	12100 	11700 	11700 	11500 	11100 	11400 	11400 	12100 	12400 	12900 	13100 	13700 	13400 	14100 p	: 
A,PPS_EU27_2020_HAB,BAL,B6N,ES43	8100 	8700 	9100 	9500 	9600 	10100 	10600 	10800 	11100 	10600 	10600 	10600 	10200 	10500 	10600 	11200 	11500 	12100 	12200 	12700 	12500 	13300 p	: 
A,PPS_EU27_2020_HAB,BAL,B6N,ES51	12600 	13500 	14100 	14600 	14800 	15500 	15900 	16000 	16500 	16000 	16000 	15900 	15200 	15600 	16000 	16900 	17200 	17600 	17500 	18300 	17100 	18200 p	: 
A,PPS_EU27_2020_HAB,BAL,B6N,ES52	10700 	11400 	11800 	12100 	12000 	12300 	12600 	12700 	13200 	12500 	12400 	12500 	11800 	12100 	12300 	13000 	13300 	13800 	13900 	14500 	13900 	14600 p	: 
A,PPS_EU27_2020_HAB,BAL,B6N,ES53	13500 	14500 	14800 	14700 	14800 	15100 	15400 	15100 	15300 	14500 	14100 	14300 	13600 	13800 	14000 	14800 	15300 	15600 	15800 	16400 	14700 	16000 p	: 
A,PPS_EU27_2020_HAB,BAL,B6N,ES61	8700 	9300 	9800 	10200 	10300 	10800 	11200 	11200 	11600 	11300 	11100 	11100 	10600 	10700 	10900 	11500 	11600 	12000 	12400 	12900 	12500 	13300 p	: 
A,PPS_EU27_2020_HAB,BAL,B6N,ES62	9200 	9900 	10700 	10700 	10700 	11200 	11300 	11600 	12000 	11500 	11500 	11500 	11000 	11200 	11200 	11900 	12100 	12500 	12800 	13400 	12800 	13700 p	: 
A,PPS_EU27_2020_HAB,BAL,B6N,ES63	10200 	10600 	11300 	12200 	12500 	13200 	13600 	13400 	13800 	13100 	12700 	12500 	11500 	12000 	12100 	12800 	13100 	13100 	13500 	14300 	13900 	15100 p	: 
A,PPS_EU27_2020_HAB,BAL,B6N,ES64	10300 	10900 	11500 	12200 	12700 	12900 	13300 	12900 	13000 	12100 	11600 	11400 	10500 	10700 	10800 	11500 	11700 	11900 	12200 	12900 	12300 	13300 p	: 
A,PPS_EU27_2020_HAB,BAL,B6N,ES70	10500 	11300 	11800 	12000 	11900 	12200 	12400 	12300 	12500 	11900 	11800 	11800 	11300 	11500 	11500 	12100 	12400 	12900 	12800 	13300 	12500 	13500 p	: 
A,PPS_EU27_2020_HAB,BAL,B6N,FI19	9100 	9400 	9800 	10300 	11100 	11200 	11900 	13000 	13700 	13700 	14200 	14600 	14700 	15000 	14900 	15200 	15400 	15800 	16100 	16400 	16600 	17200 	: 
A,PPS_EU27_2020_HAB,BAL,B6N,FI1B	11100 	11300 	11900 	12400 	13300 	13600 	14000 	15100 	16100 	16600 	17100 	17500 	17500 	17300 	17500 	17900 	18100 	18400 	19100 	19400 	19500 	20700 	: 
A,PPS_EU27_2020_HAB,BAL,B6N,FI1C	9500 	9700 	10100 	10600 	11300 	11600 	12200 	13200 	14000 	14100 	14600 	14900 	15000 	15200 	15200 	15600 	15800 	16300 	16600 	17100 	17200 	17600 	: 
A,PPS_EU27_2020_HAB,BAL,B6N,FI1D	8600 	8800 	9200 	9700 	10400 	10700 	11400 	12500 	13100 	13000 	13600 	14000 	14100 	14400 	14500 	14700 	14900 	15600 	15800 	16300 	16300 	16200 	: 
A,PPS_EU27_2020_HAB,BAL,B6N,FI20	12200 	12500 	13200 	13900 	14600 	13900 	13300 	14800 	17100 	17100 	17700 	18200 	17700 	18000 	17800 	18600 	18700 	18700 	18800 	19000 	19100 	17600 	: 
A,PPS_EU27_2020_HAB,BAL,B6N,FR10	15500 	16500 	17300 	17000 	17400 	17900 	18000 	19300 	19300 	19100 	19900 	20000 	20000 	19800 	19900 	19900 	20000 	20300 	20100 	21300 	22300 	23200 p	: 
A,PPS_EU27_2020_HAB,BAL,B6N,FRB0	12500 	13400 	13900 	13700 	14100 	14600 	15200 	15800 	16200 	16000 	16400 	16700 	16600 	16700 	16700 	16700 	16800 	17100 	17700 	18100 	17800 	18800 p	: 
A,PPS_EU27_2020_HAB,BAL,B6N,FRC1	12500 	13100 	13600 	13500 	13900 	14500 	15000 	16000 	15900 	15800 	16100 	16500 	16600 	16700 	16800 	16600 	16700 	16900 	17300 	17600 	18200 	19400 p	: 
A,PPS_EU27_2020_HAB,BAL,B6N,FRC2	12100 	13100 	13500 	13400 	13700 	14400 	14600 	15200 	15300 	15100 	15500 	16200 	16000 	16200 	16400 	16600 	16800 	17300 	17600 	17900 	17600 	18700 p	: 
A,PPS_EU27_2020_HAB,BAL,B6N,FRD1	11600 	12400 	12800 	12700 	13000 	13700 	14500 	15000 	15700 	15400 	15700 	16100 	16100 	16200 	16300 	16300 	16500 	16800 	17200 	17500 	17700 	18200 p	: 
A,PPS_EU27_2020_HAB,BAL,B6N,FRD2	12200 	13100 	13500 	13400 	13800 	14300 	14600 	15200 	15700 	15500 	15700 	16100 	16300 	16300 	16400 	16300 	16400 	16800 	17400 	17700 	17500 	18100 p	: 
A,PPS_EU27_2020_HAB,BAL,B6N,FRE1	10400 	11200 	11600 	11500 	11800 	12400 	13200 	13800 	13900 	13800 	14300 	14200 	14200 	14300 	14400 	14500 	14600 	14800 	15200 	15800 	15900 	16500 p	: 
A,PPS_EU27_2020_HAB,BAL,B6N,FRE2	12000 	12700 	13200 	13100 	13400 	14100 	14300 	14800 	15600 	15200 	15500 	15800 	15800 	15800 	15800 	15800 	15800 	16100 	17000 	17600 	17200 	17800 p	: 
A,PPS_EU27_2020_HAB,BAL,B6N,FRF1	12600 	13900 	14300 	14000 	14400 	15000 	15100 	15700 	15800 	15600 	16000 	16400 	16300 	16400 	16500 	16800 	16900 	17200 	17400 	17700 	17900 	19700 p	: 
A,PPS_EU27_2020_HAB,BAL,B6N,FRF2	12000 	12500 	13100 	12800 	13300 	13600 	14300 	15200 	15200 	15100 	15200 	15700 	15600 	15700 	15600 	15600 	15700 	16100 	16700 	17100 	17700 	19100 p	: 
A,PPS_EU27_2020_HAB,BAL,B6N,FRF3	11800 	12900 	13200 	13100 	13400 	13900 	14600 	14900 	14900 	14800 	15000 	15600 	15500 	15700 	15900 	16200 	16300 	16600 	16900 	17200 	17500 	19000 p	: 
A,PPS_EU27_2020_HAB,BAL,B6N,FRG0	11900 	12700 	13000 	12800 	13100 	13800 	14600 	15200 	15600 	15300 	15700 	15900 	16000 	16200 	16100 	16100 	16400 	16600 	16900 	17400 	17100 	17700 p	: 
A,PPS_EU27_2020_HAB,BAL,B6N,FRH0	11800 	12600 	12800 	12700 	12900 	13700 	14400 	14900 	15400 	15400 	15600 	16100 	16100 	16100 	16200 	16000 	16300 	16500 	16900 	17500 	17400 	17900 p	: 
A,PPS_EU27_2020_HAB,BAL,B6N,FRI1	12200 	13000 	13400 	13100 	13500 	14200 	15000 	15600 	15700 	15600 	16100 	16300 	16200 	16100 	16200 	16200 	16500 	16700 	17200 	17700 	17700 	18300 p	: 
A,PPS_EU27_2020_HAB,BAL,B6N,FRI2	12400 	13100 	13500 	13300 	13600 	14500 	15200 	15500 	15900 	15500 	16000 	16400 	16300 	16300 	16600 	16400 	16700 	16900 	17100 	17800 	18400 	19000 p	: 
A,PPS_EU27_2020_HAB,BAL,B6N,FRI3	11800 	12600 	13000 	12800 	13100 	13700 	14600 	15100 	15500 	15400 	15600 	16100 	16200 	16200 	16400 	16200 	16200 	16800 	17300 	17900 	17900 	18500 p	: 
A,PPS_EU27_2020_HAB,BAL,B6N,FRJ1	11300 	12000 	12400 	12200 	12400 	13000 	13900 	14500 	14600 	14600 	14800 	15100 	15100 	15100 	15200 	15100 	15300 	15500 	15900 	16400 	16300 	16500 p	: 
A,PPS_EU27_2020_HAB,BAL,B6N,FRJ2	12000 	12800 	13100 	12900 	13100 	13900 	14700 	15400 	15400 	15400 	15900 	16100 	16200 	16200 	16300 	16300 	16500 	16800 	17000 	17600 	17700 	18000 p	: 
A,PPS_EU27_2020_HAB,BAL,B6N,FRK1	12200 	13000 	13400 	13300 	13600 	14500 	15200 	15700 	16200 	15800 	16000 	16700 	16900 	17100 	17100 	17000 	17300 	17400 	17900 	18300 	18400 	19100 p	: 
A,PPS_EU27_2020_HAB,BAL,B6N,FRK2	12800 	13700 	14100 	13900 	14300 	14900 	15400 	16100 	16200 	16100 	16500 	16900 	16900 	17000 	17100 	17200 	17400 	17700 	17900 	18300 	18300 	19300 p	: 
A,PPS_EU27_2020_HAB,BAL,B6N,FRL0	12400 	13200 	13700 	13500 	13800 	14400 	14700 	15400 	15700 	15700 	16300 	16600 	16600 	16700 	16600 	16600 	16900 	17100 	17600 	18200 	18300 	19000 p	: 
A,PPS_EU27_2020_HAB,BAL,B6N,FRM0	10900 	11400 	11800 	11700 	11800 	12400 	13400 	14200 	14800 	15000 	15100 	15400 	15600 	15600 	15100 	15000 	15200 	15700 	16300 	16800 	17200 	17300 p	: 
A,PPS_EU27_2020_HAB,BAL,B6N,FRY1	9500 	10600 	11400 	11400 	11700 	13000 	13900 	13200 	13500 	14200 	13900 	14300 	14600 	15100 	15700 	15800 	15800 	14600 	14600 	13900 	13600 	14000 p	: 
A,PPS_EU27_2020_HAB,BAL,B6N,FRY2	9800 	10400 	11100 	10800 	11000 	11800 	12700 	12400 	13300 	13800 	14500 	14500 	14600 	14900 	15100 	15300 	15600 	16000 	16200 	15100 	15000 	15900 p	: 
A,PPS_EU27_2020_HAB,BAL,B6N,FRY3	7400 	8400 	8200 	7700 	8300 	9000 	9500 	9100 	9200 	9900 	10000 	10200 	10300 	10500 	10600 	10100 	10100 	10100 	10200 	9700 	9700 	10000 p	: 
A,PPS_EU27_2020_HAB,BAL,B6N,FRY4	9000 	9700 	10500 	10600 	11000 	11800 	12400 	13000 	12500 	12500 	13700 	13200 	12900 	13500 	14800 	13800 	14100 	14500 	14500 	14800 	14600 	15800 p	: 
A,PPS_EU27_2020_HAB,BAL,B6N,FRY5	2500 	2400 	2400 	2600 	2800 	3300 	3500 	3900 	4400 	4300 	4400 	4600 	4500 	4900 	5100 	5400 	5600 	5700 	6000 	6200 	6400 	6800 p	: 
A,PPS_EU27_2020_HAB,BAL,B6N,HR02	4900 	5200 	5500 	5900 	6100 	6200 	6200 	6600 	7000 	7200 	7300 	7300 	7400 	7400 	7300 	7600 	7900 	8300 	8600 	9000 	9100 	10200 	: 
A,PPS_EU27_2020_HAB,BAL,B6N,HR03	5200 	5400 	5900 	6300 	6600 	6700 	7200 	7600 	8000 	8100 	8200 	8000 	8100 	8300 	8500 	9100 	9500 	9900 	10300 	10800 	10700 	11600 	: 
A,PPS_EU27_2020_HAB,BAL,B6N,HR05	7100 	7400 	8000 	8300 	8700 	8800 	9600 	10200 	10800 	10400 	10400 	10800 	10900 	10800 	11000 	11300 	11700 	12200 	12800 	13400 	13500 	14800 	: 
A,PPS_EU27_2020_HAB,BAL,B6N,HR06	5300 	5500 	6000 	6100 	6400 	6600 	6800 	7200 	7600 	7400 	7400 	7700 	7800 	7800 	7800 	8200 	8600 	9100 	9600 	10000 	10200 	11300 	: 
A,PPS_EU27_2020_HAB,BAL,B6N,HU11	7800 	8500 	9400 	10500 	11800 	12400 	12500 	12000 	12000 	11800 	12300 	13600 	13200 b	13600 	12800 	14100 	13800 	14600 	16400 	17700 	16900 	18900 	: 
A,PPS_EU27_2020_HAB,BAL,B6N,HU12	6200 	6700 	7000 	7800 	8300 	8800 	8800 	8300 	8400 	8100 	8500 	9000 	8800 b	9100 	9300 	9200 	9800 	10000 	10400 	11500 	11400 	12600 	: 
A,PPS_EU27_2020_HAB,BAL,B6N,HU21	5100 	5800 	6100 	6500 	6700 	7300 	7800 	7500 	7800 	7600 	8100 	8600 	8600 b	9000 	9400 	9300 	10000 	10300 	11100 	11900 	11200 	12300 	: 
A,PPS_EU27_2020_HAB,BAL,B6N,HU22	5600 	5800 	6300 	6600 	7100 	7500 	7500 	7300 	7700 	7600 	8200 	8800 	9300 b	9300 	9500 	9400 	9800 	10100 	10800 	11200 	10600 	11500 	: 
A,PPS_EU27_2020_HAB,BAL,B6N,HU23	4500 	4900 	5400 	5900 	6000 	6600 	6800 	6800 	7200 	7000 	7000 	7600 	7600 b	8000 	8300 	8200 	8600 	9100 	9700 	9900 	9500 	10400 	: 
A,PPS_EU27_2020_HAB,BAL,B6N,HU31	4200 	4500 	4900 	5300 	5500 	6000 	6200 	6200 	6500 	6700 	6500 	7100 	7000 b	7300 	7700 	7700 	8000 	8400 	9000 	9100 	8800 	9400 	: 
A,PPS_EU27_2020_HAB,BAL,B6N,HU32	3900 	4400 	4700 	5200 	5200 	5700 	6000 	6100 	6400 	6400 	6400 	7100 	7000 b	7400 	7900 	7800 	8100 	8600 	9300 	9500 	9200 	10000 	: 
A,PPS_EU27_2020_HAB,BAL,B6N,HU33	4500 	5100 	5200 	5600 	5700 	6200 	6400 	6500 	6800 	6500 	6800 	7400 	7500 b	8000 	8400 	8400 	8800 	9400 	10100 	10400 	9900 	10900 	: 
A,PPS_EU27_2020_HAB,BAL,B6N,IE04	9300 	10200 	10600 	11000 	11600 	12500 	12700 	13800 	14300 	14300 	14100 	13300 	13600 	13300 	13000 	13700 	13800 	14100 	14300 	14600 	14900 	15200 	: 
A,PPS_EU27_2020_HAB,BAL,B6N,IE05	10100 	11200 	11500 	12300 	13100 	14300 	15000 	15600 	16000 	15300 	15500 	14700 	14900 	14400 	14100 	14700 	14900 	15500 	15500 	16100 	16400 	16600 	: 
A,PPS_EU27_2020_HAB,BAL,B6N,IE06	10300 	11400 	11300 	11900 	12600 	13500 	14100 	15000 	15800 	14900 	15100 	14300 	14500 	14100 	13700 	14200 	14800 	15500 	15600 	16200 	16800 	17500 	: 
A,PPS_EU27_2020_HAB,BAL,B6N,ITC1	15900 	16300 	16700 	17100 	17600 	18000 	18800 	19200 	19700 	18400 	18700 	18800 	18000 	17900 	17800 	18000 	18600 	19200 	19700 	20200 	19600 	20800 	: 
A,PPS_EU27_2020_HAB,BAL,B6N,ITC2	16700 	17200 	17400 	17500 	17500 	17700 	18200 	18600 	19500 	18900 	19100 	19000 	18200 	17900 	17700 	17900 	18400 	18500 	18900 	19400 	18500 	19300 	: 
A,PPS_EU27_2020_HAB,BAL,B6N,ITC3	16000 	16700 	16700 	17100 	17300 	17700 	18400 	19200 	19700 	18700 	18500 	18700 	18000 	17900 	17800 	17900 	18500 	19200 	19300 	19900 	19200 	20100 	: 
A,PPS_EU27_2020_HAB,BAL,B6N,ITC4	17200 	17700 	17800 	18200 	18600 	19100 	19800 	20500 	21200 	20100 	20200 	20500 	19500 	19400 	19200 	19500 	20200 	20900 	21100 	21600 	21300 	22500 	: 
A,PPS_EU27_2020_HAB,BAL,B6N,ITF1	12400 	12800 	13000 	13300 	13000 	13400 	13900 	14500 	15000 	14500 	14500 	14700 	14000 	14000 	13700 	14000 	14400 	14800 	15100 	15500 	15200 	16200 	: 
A,PPS_EU27_2020_HAB,BAL,B6N,ITF2	10800 	11000 	11200 	11800 	11700 	12200 	13000 	13600 	13900 	13400 	13400 	13500 	12800 	12700 	12400 	12700 	12900 	13200 	13600 	14000 	14100 	15100 	: 
A,PPS_EU27_2020_HAB,BAL,B6N,ITF3	10400 	10700 	11000 	11300 	11200 	11400 	11800 	12100 	12400 	12000 	12000 	12000 	11400 	11300 	11300 	11600 	11900 	12000 	12400 	12800 	12700 	13400 	: 
A,PPS_EU27_2020_HAB,BAL,B6N,ITF4	10200 	10600 	10800 	11100 	11200 	11400 	11800 	12200 	12400 	12000 	12100 	12300 	11900 	11900 	11900 	12200 	12600 	12900 	13400 	13800 	13700 	14400 	: 
A,PPS_EU27_2020_HAB,BAL,B6N,ITF5	10100 	10100 	10600 	11100 	11300 	11600 	12100 	12500 	12800 	12400 	12300 	12300 	11900 	11800 	11700 	12200 	12400 	12700 	13200 	13700 	13900 	14600 	: 
A,PPS_EU27_2020_HAB,BAL,B6N,ITF6	9300 	9600 	9800 	10400 	10500 	10900 	11400 	11700 	12100 	11800 	11700 	11700 	11200 	11100 	10900 	11100 	11500 	12000 	12300 	12800 	12800 	13400 	: 
A,PPS_EU27_2020_HAB,BAL,B6N,ITG1	9700 	10000 	10200 	10700 	10800 	11100 	11500 	11800 	12200 	12000 	12000 	12000 	11600 	11500 	11400 	11500 	12000 	12400 	12700 	13200 	13200 	14000 	: 
A,PPS_EU27_2020_HAB,BAL,B6N,ITG2	10400 	10800 	11000 	11700 	11700 	11900 	12400 	12800 	13300 	13100 	13200 	13200 	12900 	13100 	13000 	13200 	13500 	13600 	14200 	14700 	14800 	15700 	: 
A,PPS_EU27_2020_HAB,BAL,B6N,ITH1	17800 	18500 	18500 	18500 	19200 	19300 	19900 	20700 	21500 	21000 	21200 	21200 	20600 	20700 	20600 	21200 	22200 	22900 	23500 	24000 	23300 	24100 	: 
A,PPS_EU27_2020_HAB,BAL,B6N,ITH2	17000 	17000 	17400 	17600 	17500 	17600 	18100 	18900 	19800 	19100 	19400 	19300 	18400 	18700 	17900 	18000 	18600 	18800 	19300 	19800 	19200 	20100 	: 
A,PPS_EU27_2020_HAB,BAL,B6N,ITH3	15000 	15200 	15300 	15800 	16000 	16400 	16900 	17400 	17900 	17100 	17400 	17600 	16700 	16700 	16600 	17000 	17800 	18400 	19000 	19300 	18700 	19700 	: 
A,PPS_EU27_2020_HAB,BAL,B6N,ITH4	15800 	16100 	16200 	16700 	16900 	17200 	17900 	18700 	19100 	18200 	18400 	18700 	17700 	17700 	17500 	17900 	18600 	19000 	19600 	20000 	19400 	20700 	: 
A,PPS_EU27_2020_HAB,BAL,B6N,ITH5	18100 	18500 	18500 	19000 	18800 	19200 	20000 	20800 	21100 	19900 	19700 	19900 	19100 	19200 	19000 	19300 	19900 	20700 	21000 	21400 	20900 	21800 	: 
A,PPS_EU27_2020_HAB,BAL,B6N,ITI1	15500 	15900 	16000 	16600 	16800 	16900 	17500 	18000 	18500 	17700 	17700 	17700 	17000 	16900 	16800 	17000 	17800 	18200 	18800 	19200 	18200 	19200 	: 
A,PPS_EU27_2020_HAB,BAL,B6N,ITI2	14900 	15100 	15200 	15700 	16000 	16300 	16700 	17100 	17600 	16800 	17100 	17300 	16400 	16200 	15900 	16000 	16600 	17000 	17500 	17900 	17300 	18200 	: 
A,PPS_EU27_2020_HAB,BAL,B6N,ITI3	13600 	13900 	14300 	14700 	14800 	15300 	15900 	16400 	16900 	16200 	16500 	16500 	15900 	16000 	15800 	16000 	16700 	17100 	17700 	18000 	17600 	18700 	: 
A,PPS_EU27_2020_HAB,BAL,B6N,ITI4	15000 	15500 	15800 	16500 	16900 	17200 	17600 	18300 	18800 	18200 	18300 	18100 	16900 	16800 	16700 	16900 	17400 	17700 	18200 	18700 	18200 	19300 	: 
A,PPS_EU27_2020_HAB,BAL,B6N,LT01	4500 	4800 	5400 	6500 	7500 	8100 	9100 	9300 	10400 	9300 	10200 	10800 	11300 	12100 	12600 	13400 	14800 	15600 	17000 	18400 	19300 	21400 	: 
A,PPS_EU27_2020_HAB,BAL,B6N,LT02	4100 	4400 	4800 	5400 	6500 	6900 	7600 	8000 	9100 	8600 	9000 	9500 	10000 	10700 	10900 	11300 	12000 	12400 	12800 	14100 	15100 	15500 	: 
A,PPS_EU27_2020_HAB,BAL,B6N,LU00	19500 	20100 	21900 	22300 	21900 	22100 	23200 	23500 	24300 	23800 	23800 	24200 	24700 	25500 	25300 	25200 	24700 	25600 	26500 	26400 	26700 	26700 	28000 
A,PPS_EU27_2020_HAB,BAL,B6N,LV00	3400 	3800 	4200 	4700 	5200 	5900 	6800 	7600 	8400 	7200 	7300 	7200 	7800 	8200 	8500 	9200 	9600 	10300 	10900 	11400 	11500 	12200 	: 
A,PPS_EU27_2020_HAB,BAL,B6N,NL11	11800 	12500 	12800 	12600 	13000 	13400 	14000 	14500 	14900 	14700 	14600 	14800 	14400 	14700 	15000 	15300 	15600 	16000 	16500 	16900 	17600 	18500 p	: 
A,PPS_EU27_2020_HAB,BAL,B6N,NL12	12500 	13100 	13300 	13100 	13500 	13900 	14600 	15200 	15800 	15300 	14700 	14900 	14800 	14900 	15300 	15500 	15700 	16200 	17000 	17200 	17800 	18600 p	: 
A,PPS_EU27_2020_HAB,BAL,B6N,NL13	12300 	13000 	13200 	13000 	13400 	13800 	14200 	14900 	15600 	14800 	15100 	15200 	14700 	14800 	15200 	15800 	15900 	16300 	17200 	17400 	18200 	19000 p	: 
A,PPS_EU27_2020_HAB,BAL,B6N,NL21	12400 	13100 	13400 	13100 	13500 	13800 	14300 	15100 	15600 	14900 	14700 	15000 	14800 	14900 	15200 	15500 	15500 	16000 	16700 	17100 	17900 	18900 p	: 
A,PPS_EU27_2020_HAB,BAL,B6N,NL22	12900 	13600 	13900 	13600 	14000 	14400 	15000 	15800 	15900 	15200 	15300 	15600 	16000 	15700 	15700 	16000 	16000 	16600 	17500 	17800 	18600 	19500 p	: 
A,PPS_EU27_2020_HAB,BAL,B6N,NL23	12600 	13400 	13300 	12800 	12900 	13100 	13800 	14700 	14900 	14600 	15100 	15600 	15400 	16100 	15900 	15800 	16000 	16400 	17100 	17600 	18100 	19000 p	: 
A,PPS_EU27_2020_HAB,BAL,B6N,NL31	14400 	15200 	15400 	15000 	15400 	15600 	16300 	17400 	17400 	16800 	16900 	16700 	16800 	16700 	17100 	17300 	17700 	18100 	18800 	19700 	20500 	21400 p	: 
A,PPS_EU27_2020_HAB,BAL,B6N,NL32	14500 	15200 	15500 	15200 	15600 	15900 	16800 	17500 	17700 	17100 	17000 	17100 	17100 	17200 	17600 	17500 	17800 	18100 	19000 	19400 	20000 	21200 p	: 
A,PPS_EU27_2020_HAB,BAL,B6N,NL33	13100 	13900 	14200 	13900 	14300 	14600 	15300 	16200 	16600 	16100 	15800 	16000 	16200 	16300 	16200 	16400 	16500 	16900 	17800 	17900 	18700 	19400 p	: 
A,PPS_EU27_2020_HAB,BAL,B6N,NL34	12300 	13000 	13200 	13000 	13400 	13800 	14900 	15900 	16200 	15900 	15600 	15600 	16200 	16800 	16600 	16200 	16300 	16600 	17300 	17600 	18200 	19100 p	: 
A,PPS_EU27_2020_HAB,BAL,B6N,NL41	12900 	13700 	14100 	13800 	14200 	14500 	15300 	16200 	16400 	15700 	15500 	15800 	15800 	15800 	16000 	16300 	16500 	17100 	17800 	18300 	19100 	20000 p	: 
A,PPS_EU27_2020_HAB,BAL,B6N,NL42	11500 	12400 	12800 	12600 	13100 	13500 	14300 	15300 	15600 	15100 	14800 	15100 	15200 	15300 	15400 	15800 	15800 	16300 	17000 	17400 	18200 	19000 p	: 
A,PPS_EU27_2020_HAB,BAL,B6N,NO02	: 	: 	: 	: 	: 	: 	: 	: 	: 	: 	: 	16200 	16900 	17500 	17800 	17600 	17200 	18200 	18600 	18800 	18900 	: 	: 
A,PPS_EU27_2020_HAB,BAL,B6N,NO06	: 	: 	: 	: 	: 	: 	: 	: 	: 	: 	: 	16700 	17500 	18200 	18400 	18100 	17800 	18800 	19200 	19400 	19500 	: 	: 
A,PPS_EU27_2020_HAB,BAL,B6N,NO07	: 	: 	: 	: 	: 	: 	: 	: 	: 	: 	: 	16800 	17500 	18100 	18400 	18100 	17700 	18900 	19200 	19400 	19600 	: 	: 
A,PPS_EU27_2020_HAB,BAL,B6N,NO08	: 	: 	: 	: 	: 	: 	: 	: 	: 	: 	: 	18400 	19000 	19600 	19900 	20100 	19400 	20400 	20800 	21100 	21000 	: 	: 
A,PPS_EU27_2020_HAB,BAL,B6N,NO09	: 	: 	: 	: 	: 	: 	: 	: 	: 	: 	: 	16500 	17100 	17700 	18000 	17900 	17300 	18200 	18400 	18800 	18800 	: 	: 
A,PPS_EU27_2020_HAB,BAL,B6N,NO0A	: 	: 	: 	: 	: 	: 	: 	: 	: 	: 	: 	17700 	18500 	19200 	19500 	19300 	18300 	19200 	19500 	20000 	20100 	: 	: 
A,PPS_EU27_2020_HAB,BAL,B6N,PL21	5400 	5600 	5900 	6000 	6000 	6100 	6500 	7200 	7800 	8100 	8900 b	9400 	9900 	10000 	10500 	10800 	11200 	11600 	12200 	12900 	13600 	13600 	: 
A,PPS_EU27_2020_HAB,BAL,B6N,PL22	6100 	6600 	6700 	7100 	7100 	7100 	7700 	8400 	9100 	9600 	10600 b	11000 	11800 	12000 	12300 	12800 	13100 	13400 	14000 	14900 	15400 	15400 	: 
A,PPS_EU27_2020_HAB,BAL,B6N,PL41	5900 	6300 	6400 	6600 	6900 	6800 	7300 	8000 	8700 	9100 	9900 b	10500 	11000 	11100 	11600 	12000 	12600 	13100 	13400 	14000 	14700 	14700 	: 
A,PPS_EU27_2020_HAB,BAL,B6N,PL42	5800 	6100 	6400 	6500 	6700 	6700 	7200 	7900 	8600 	8800 	9500 b	9800 	10200 	10300 	10700 	11100 	11500 	11800 	12300 	13000 	13800 	13900 	: 
A,PPS_EU27_2020_HAB,BAL,B6N,PL43	5400 	5700 	5900 	6000 	6200 	6300 	6700 	7400 	8000 	8100 	8800 b	9100 	9400 	9400 	9800 	10100 	10500 	10800 	11100 	11700 	12400 	12400 	: 
A,PPS_EU27_2020_HAB,BAL,B6N,PL51	5900 	6200 	6500 	6600 	6700 	6700 	7100 	7800 	8500 	8900 	9800 b	10200 	10800 	11100 	11500 	12000 	12400 	12800 	13300 	14100 	14900 	14900 	: 
A,PPS_EU27_2020_HAB,BAL,B6N,PL52	4600 	5000 	5300 	5400 	5600 	5600 	6100 	6800 	7400 	7700 	8400 b	8800 	9300 	9200 	9600 	10000 	10500 	10800 	11300 	12000 	12700 	12800 	: 
A,PPS_EU27_2020_HAB,BAL,B6N,PL61	5200 	5600 	5800 	5900 	6200 	6100 	6600 	7300 	7900 	8000 	8700 b	9000 	9300 	9400 	9800 	10100 	10600 	10900 	11300 	12000 	12700 	12800 	: 
A,PPS_EU27_2020_HAB,BAL,B6N,PL62	5100 	5300 	5500 	5500 	5700 	5800 	6300 	6900 	7400 	7600 	8200 b	8700 	9000 	9100 	9400 	9700 	10300 	10500 	11000 	11500 	12300 	12400 	: 
A,PPS_EU27_2020_HAB,BAL,B6N,PL63	5500 	5900 	6000 	6100 	6300 	6300 	6800 	7600 	8300 	8900 	9500 b	10000 	10400 	10500 	10900 	11200 	11600 	12000 	12600 	13300 	13900 	14000 	: 
A,PPS_EU27_2020_HAB,BAL,B6N,PL71	5600 	5900 	6200 	6500 	6600 	6700 	7300 	8000 	8600 	8700 	9700 b	10000 	10500 	10600 	11100 	11400 	11900 	12300 	12900 	13600 	14400 	14400 	: 
A,PPS_EU27_2020_HAB,BAL,B6N,PL72	4900 	5200 	5500 	5700 	5700 	5700 	6200 	6900 	7500 	7700 	8300 b	8700 	9100 	9100 	9400 	9800 	10200 	10600 	11000 	11500 	12200 	12400 	: 
A,PPS_EU27_2020_HAB,BAL,B6N,PL81	4700 	5100 	5300 	5400 	5500 	5400 	5800 	6500 	7100 	7400 	8100 b	8600 	8900 	9100 	9400 	9600 	10200 	10500 	10800 	11400 	12200 	12300 	: 
A,PPS_EU27_2020_HAB,BAL,B6N,PL82	4700 	4900 	5100 	5200 	5200 	5100 	5500 	6100 	6600 	6800 	7400 b	7800 	8100 	8200 	8500 	8800 	9200 	9600 	10000 	10600 	11200 	11300 	: 
A,PPS_EU27_2020_HAB,BAL,B6N,PL84	4600 	5100 	5200 	5300 	5500 	5400 	5800 	6400 	7000 	7300 	8000 b	8500 	8700 	9000 	9100 	9300 	9900 	10200 	10600 	11100 	11800 	11900 	: 
A,PPS_EU27_2020_HAB,BAL,B6N,PL91	8100 	8400 	8600 	8800 	9200 	9000 	9400 	10200 	10900 	11700 	14600 b	15400 	16600 	16700 	17600 	18000 	18400 	18800 	19600 	20800 	21500 	21100 	: 
A,PPS_EU27_2020_HAB,BAL,B6N,PL92	5400 	5600 	5800 	5900 	6200 	6100 	6600 	7300 	7800 	8200 	9000 b	9700 	10100 	10400 	10700 	11100 	11600 	12200 	12600 	13300 	14000 	13900 	: 
A,PPS_EU27_2020_HAB,BAL,B6N,PT11	8400 	8700 	8700 	9000 	9200 	9800 	10100 	10300 	10600 	10600 	10900 	10600 	10500 	10700 	10700 	11200 	11500 	11600 	12200 	12800 	12200 	12900 	: 
A,PPS_EU27_2020_HAB,BAL,B6N,PT15	11000 	11400 	11500 	12200 	12300 	13000 	13500 	13700 	13800 	13700 	13200 	12700 	13100 	13300 	13500 	13900 	14800 	15600 	16600 	17700 	16300 	17900 	: 
A,PPS_EU27_2020_HAB,BAL,B6N,PT16	9300 	9600 	9600 	10200 	10300 	10900 	11300 	11500 	11700 	11700 	11700 	11400 	11500 	11600 	11500 	12000 	12400 	12500 	13100 	13700 	13100 	13800 	: 
A,PPS_EU27_2020_HAB,BAL,B6N,PT17	12400 	12600 	13000 	13500 	13700 	14700 	15000 	15300 	15700 	15400 	15900 	15300 	15000 	15100 	14700 	15000 	15200 	15400 	16100 	16900 	15900 	16900 	: 
A,PPS_EU27_2020_HAB,BAL,B6N,PT18	9500 	9600 	10100 	10600 	10900 	11300 	11700 	11700 	12100 	12300 	12100 	11800 	11500 	11700 	11700 	12200 	12600 	12600 	13400 	14000 	13500 	14400 	: 
A,PPS_EU27_2020_HAB,BAL,B6N,PT20	9300 	9900 	10100 	10500 	10900 	11800 	12600 	12600 	13200 	13000 	13200 	12800 	12300 	12500 	12300 	12800 	12800 	12900 	13500 	14200 	13500 	14400 	: 
A,PPS_EU27_2020_HAB,BAL,B6N,PT30	9800 	10200 	10700 	11400 	11900 	12300 	12700 	12600 	13300 	12500 	12400 	12100 	11800 	11900 	11600 	11800 	12800 	12900 	13400 	13800 	12900 	13600 	: 
A,PPS_EU27_2020_HAB,BAL,B6N,RO11	2600 	3200 	3100 b	3300 b	4300 b	4300 b	4900 b	5600 b	6200 b	5900 b	5900 b	6200 b	6800 	7100 	7500 	8000 	9100 	10200 	11100 	11700 	11600 	12400 	: 
A,PPS_EU27_2020_HAB,BAL,B6N,RO12	2800 	3300 	3300 b	3500 b	4400 b	4500 b	5000 b	5800 b	6600 b	6100 b	6300 b	6400 b	6900 	7500 	7700 	8200 	9200 	10100 	11000 	11500 	11500 	12300 	: 
A,PPS_EU27_2020_HAB,BAL,B6N,RO21	2100 	2400 	2300 b	2600 b	3200 b	3300 b	3700 b	4400 b	4800 b	4600 b	4600 b	4800 b	5600 	5800 	6000 	6300 	7000 	7800 	8500 	9000 	9100 	9800 	: 
A,PPS_EU27_2020_HAB,BAL,B6N,RO22	2600 	3000 	2800 b	3100 b	3800 b	3900 b	4500 b	5100 b	5700 b	5600 b	5600 b	5800 b	6400 	6900 	7000 	7300 	8000 	9000 	9800 	10200 	9600 	10700 	: 
A,PPS_EU27_2020_HAB,BAL,B6N,RO31	2200 	2700 	2500 b	3000 b	3400 b	3600 b	4000 b	4700 b	5200 b	5500 b	5400 b	5700 b	6200 	6500 	6600 	7100 	7800 	8700 	9300 	9800 	9500 	10300 	: 
A,PPS_EU27_2020_HAB,BAL,B6N,RO32	4600 	5800 	6100 b	5100 b	7600 b	8400 b	9300 b	10400 b	13300 b	11000 b	12000 b	12100 b	11300 	12600 	13000 	14400 	16600 	18600 	19300 	21300 	21200 	22700 	: 
A,PPS_EU27_2020_HAB,BAL,B6N,RO41	2400 	2600 	2400 b	3000 b	3300 b	3500 b	3900 b	4600 b	5100 b	5200 b	5200 b	5500 b	6100 	6400 	6500 	6700 	7500 	8500 	9300 	9900 	9800 	10100 	: 
A,PPS_EU27_2020_HAB,BAL,B6N,RO42	3500 	3600 	3600 b	3900 b	5100 b	5300 b	6100 b	6800 b	7600 b	7000 b	7300 b	7500 b	8200 	8800 	8900 	9500 	10700 	11400 	12200 	12900 	12400 	13600 	: 
A,PPS_EU27_2020_HAB,BAL,B6N,SE11	11800 	12700 	13200 	13100 	13300 	14000 	15000 	16400 	17400 	17300 	17600 	18100 	18900 	19000 	18900 	19200 	19200 	19200 	19600 	20400 	20400 	21500 	: 
A,PPS_EU27_2020_HAB,BAL,B6N,SE12	10000 	10500 	10900 	11100 	11500 	11800 	12700 	13900 	14500 	14400 	14700 	15300 	16000 	15800 	16000 	16300 	16100 	16200 	16500 	16700 	16500 	17400 	: 
A,PPS_EU27_2020_HAB,BAL,B6N,SE21	9700 	10200 	10600 	10800 	11200 	11600 	12600 	13700 	14400 	14100 	14500 	15200 	15900 	15700 	15900 	16100 	16000 	16200 	16400 	16400 	16100 	17200 	: 
A,PPS_EU27_2020_HAB,BAL,B6N,SE22	10200 	10800 	11200 	11300 	11700 	12100 	13100 	14300 	15000 	15000 	15200 	15700 	16300 	16300 	16400 	16600 	16500 	16500 	16800 	17000 	16900 	17900 	: 
A,PPS_EU27_2020_HAB,BAL,B6N,SE23	10200 	10700 	11100 	11400 	11700 	12200 	13200 	14400 	15200 	15000 	15300 	16000 	16700 	16600 	16800 	17000 	17000 	17100 	17400 	17600 	17400 	18500 	: 
A,PPS_EU27_2020_HAB,BAL,B6N,SE31	9800 	10200 	10500 	10800 	11100 	11500 	12400 	13500 	14200 	14100 	14400 	15000 	15700 	15500 	15700 	15900 	15700 	15900 	16200 	16300 	16100 	17200 	: 
A,PPS_EU27_2020_HAB,BAL,B6N,SE32	9800 	10300 	10600 	10800 	11200 	11600 	12600 	13700 	14200 	14100 	14300 	15000 	15800 	15600 	15900 	16000 	15800 	16000 	16300 	16400 	16300 	17300 	: 
A,PPS_EU27_2020_HAB,BAL,B6N,SE33	9700 	10100 	10400 	10700 	11200 	11600 	12300 	13400 	14200 	14000 	14400 	15200 	15900 	15700 	16000 	16100 	16000 	16100 	16400 	16600 	16700 	17800 	: 
A,PPS_EU27_2020_HAB,BAL,B6N,SI03	7700 	8100 	8700 	8900 	9200 	9900 	10400 	11100 	11700 b	11000 	11200 	11500 	11400 	11400 	11500 	11800 	12100 	12800 	13500 	14200 	14700 	15600 	16800 
A,PPS_EU27_2020_HAB,BAL,B6N,SI04	9500 	10000 	10400 	10600 	11100 	11500 	11700 	12400 	13400 b	12400 	12500 	12800 	12400 	12200 	12200 	12300 	12700 	13400 	14000 	14700 	15100 	16100 	17400 
A,PPS_EU27_2020_HAB,BAL,B6N,SK01	7500 	8500 	8600 	9100 	10400 	10800 	11400 	12600 	14700 	13900 	16200 	17300 	17700 	17900 	18300 	18900 	17700 	17900 	18200 	18200 	19700 	19200 	: 
A,PPS_EU27_2020_HAB,BAL,B6N,SK02	4900 	5500 	5800 	5800 	6200 	6800 	7300 	8200 	9100 	9400 	9800 	9800 	9700 	10000 	10100 	10600 	9800 	9800 	10400 	10800 	11400 	11600 	: 
A,PPS_EU27_2020_HAB,BAL,B6N,SK03	4800 	5200 	5500 	5400 	5900 	6400 	7200 	7900 	8900 	9000 	9400 	9400 	9500 	9900 	10200 	10700 	9900 	9700 	10700 	11100 	11600 	12200 	: 
A,PPS_EU27_2020_HAB,BAL,B6N,SK04	4600 	4900 	5400 	5100 	5400 	6000 	6200 	7000 	7900 	8100 	8800 	8600 	9000 	9000 	9200 	9800 	9200 	8900 	9500 	9700 	10200 	10900 	: 
